id,value
InterestTag.football,3953
InterestTag.Sports,3253
InterestTag.Entertainment,2763
InterestTag.Health,2315
InterestTag.Politics,2109
InterestTag.Food,1918
InterestTag.Education,1744
InterestTag.Environment,1672
InterestTag.History,1557
InterestTag.Science,1525
InterestTag.Inequality,1518
InterestTag.Technology,1422
InterestTag.Economy,1385
InterestTag.Climate change,1265
InterestTag.news,1051
InterestTag.india,964
InterestTag.sport,750
InterestTag.calcio,732
InterestTag.sfsarsd,721
InterestTag.#pixstory,679
InterestTag.hollywood,628
InterestTag.bollywood,531
InterestTag.premier league,523
InterestTag.music,495
InterestTag.manchester united,488
InterestTag.books,484
InterestTag.soccer,469
InterestTag.serie a,467
InterestTag.arsenal,446
InterestTag.nature,436
InterestTag.photography,414
InterestTag.football ⚽️,412
InterestTag.events,410
InterestTag.shareyaarnow,408
InterestTag.juventus,405
InterestTag.afghanistan,405
InterestTag.russia,402
InterestTag.fashion,401
InterestTag.event marketing,400
InterestTag.ukraine,376
InterestTag.love,369
InterestTag.mental health,361
InterestTag.covid 19,360
InterestTag.cricket,357
InterestTag.chelsea,347
InterestTag.psg,338
InterestTag.real madrid,335
InterestTag.nssdrc,334
InterestTag.usa,330
InterestTag.australia,325
InterestTag.kashmir,320
InterestTag.tennis,319
InterestTag.movies,295
InterestTag.taliban government,292
InterestTag.liverpool,286
InterestTag.bollywood news,280
InterestTag.nba,271
InterestTag.#healthylifestyle,270
InterestTag.event ideas,268
InterestTag.barcelona,257
InterestTag.travel,256
InterestTag.#bollywood,251
InterestTag.#health,248
InterestTag.premierleague,247
InterestTag.art,245
InterestTag.italy,240
InterestTag.#bollywood celebrities,236
InterestTag.movie,235
InterestTag.bollywood gossip,233
InterestTag.#bollywood #legend,230
InterestTag.bollywood life,230
InterestTag.f1,230
InterestTag.chill lover radio,228
InterestTag.pixstory,227
InterestTag.uefa,226
InterestTag.bollywood music,221
InterestTag.bollywood movies,221
InterestTag.fashion news,220
InterestTag.ukraine invasion,220
InterestTag.manchester city,219
InterestTag.english premier league,217
InterestTag.#bollywood movie,215
InterestTag.fifa,212
InterestTag.transgender,209
InterestTag.bollywood style,205
InterestTag.bollywood movie,202
InterestTag.champions league,202
InterestTag.memes,201
InterestTag.reading,197
InterestTag.preview,197
InterestTag.bollywood fashion,197
InterestTag.ukraine war,197
InterestTag.inter,195
InterestTag.transgender rights,195
InterestTag.lifestyle,194
InterestTag.england,191
InterestTag.foodie,184
InterestTag.cristiano ronaldo,184
InterestTag.kashmir valley,181
InterestTag.#bollywoodl,181
InterestTag.basketball,180
InterestTag.entertainment,179
InterestTag.transgender community,179
InterestTag.romance,178
InterestTag.enactusvitc,176
InterestTag.milan,170
InterestTag.life,170
InterestTag.lgbtq+,170
InterestTag.netflix,168
InterestTag.#bollywoodmusic,168
InterestTag.bollywood dance,168
InterestTag.kdrama,164
InterestTag.joe biden,164
InterestTag.anime,161
InterestTag.featured,161
InterestTag.climate change,157
InterestTag.france,156
InterestTag.lgbtqia+,156
InterestTag.mental health awareness,154
InterestTag.culture,151
InterestTag.newsdrum,151
InterestTag.formula 1,151
InterestTag.college life,147
InterestTag.poetry,147
InterestTag.jammu and kashmir,144
InterestTag.trans youth,143
InterestTag.delhi,142
InterestTag.bts,140
InterestTag.#football,139
InterestTag.the conversation,138
InterestTag.lgbtq,136
InterestTag.k-drama,136
InterestTag.roma,135
InterestTag.south korea,135
InterestTag.diet,132
InterestTag.#bolly,132
InterestTag.covid,131
InterestTag.webtoon,129
InterestTag.napoli,128
InterestTag.lgbt,128
InterestTag.women empowerment,127
InterestTag.avisha,127
InterestTag.nature photography,126
InterestTag.la liga,126
InterestTag.uddham,125
InterestTag.#health research,123
InterestTag.analysis,123
InterestTag.china,121
InterestTag.ukraine crisis,121
InterestTag.ucraina,121
InterestTag.visualization,119
InterestTag.pakistan,118
InterestTag.marvel,118
InterestTag.book,117
InterestTag.bjp,116
InterestTag.calciomercato,116
InterestTag.narendra modi,115
InterestTag.fashion trends,114
InterestTag.tourism,114
InterestTag.women's rights,112
InterestTag.fashion update,112
InterestTag.congress,112
InterestTag.hollywood news,111
InterestTag.italia,110
InterestTag.sky,108
InterestTag.spain,108
InterestTag.#sfsarsd,107
InterestTag.nationalgames,107
InterestTag.enactusshiv,106
InterestTag.feminism,106
InterestTag.hollywood life,106
InterestTag.rajdhani,105
InterestTag.nationalgames2022,105
InterestTag.literature,104
InterestTag.cinema,104
InterestTag.book reading,102
InterestTag.stories,102
InterestTag.russia-ukraine border,102
InterestTag.covid-19,101
InterestTag.atalanta,101
InterestTag.wimbledon,100
InterestTag.movie review,99
InterestTag.paris saint germain,99
InterestTag.hollywood movie,99
InterestTag.drama,98
InterestTag.ferrari,97
InterestTag.sunset,97
InterestTag.lionel messi,97
InterestTag.lgbtqia,97
InterestTag.nationalgamesofindia,97
InterestTag.funny memes,96
InterestTag.rajguru,96
InterestTag.social media,95
InterestTag.indian football,94
InterestTag.women,93
InterestTag.#woman,92
InterestTag.goa,92
InterestTag.manchesterunited,92
InterestTag.human rights,91
InterestTag.championsleague,91
InterestTag.bundesliga,90
InterestTag.hollywoodnews,90
InterestTag.inspirix,89
InterestTag.beauty,89
InterestTag.#womans health,88
InterestTag.peace,88
InterestTag.europa league,88
InterestTag.festival,87
InterestTag.friends,87
InterestTag.kpop,87
InterestTag.,86
InterestTag.flowers,86
InterestTag.wildlife,85
InterestTag.foods,85
InterestTag.blog,84
InterestTag.football love,84
InterestTag.healthcare,84
InterestTag.tottenham hotspur,84
InterestTag.entertainment news,83
InterestTag.healthy lifestyle,83
InterestTag.k-pop,83
InterestTag.questsggscc,83
InterestTag.united states,82
InterestTag.#healthyfood,82
InterestTag.trending,82
InterestTag.motivation,82
InterestTag.ciclismo,81
InterestTag.#food,81
InterestTag.relatable,81
InterestTag.quest,81
InterestTag.meme,80
InterestTag.war,80
InterestTag.laliga,80
InterestTag.pixstory vibe,79
InterestTag.music therapy,79
InterestTag.motogp,77
InterestTag.gaming,77
InterestTag.hollywood actor,77
InterestTag.uefa champions league,77
InterestTag.assam,76
InterestTag.thriller,76
InterestTag.fitness,75
InterestTag.unicef,75
InterestTag.milano,75
InterestTag.emirate islamic taliban,75
InterestTag.friendship,74
InterestTag.dogs,74
InterestTag.badminton,74
InterestTag.europe,74
InterestTag.messi,74
InterestTag.pixstoryapp,73
InterestTag.pandemic,72
InterestTag.2022,72
InterestTag.healthy,72
InterestTag.donald trump,72
InterestTag.vladimir putin,72
InterestTag.#foodie,71
InterestTag.children,71
InterestTag.tottenham,71
InterestTag.feature,70
InterestTag.manchestercity,70
InterestTag.neymar,70
InterestTag.awareness,70
InterestTag.veganism,69
InterestTag.novels,69
InterestTag.yoga,69
InterestTag.healthy food,69
InterestTag.foreign policy,69
InterestTag.women's football,68
InterestTag.#mental health,68
InterestTag.kerala,68
InterestTag.putin,68
InterestTag.africa,68
InterestTag.pixstory office,68
InterestTag.djokovic,67
InterestTag.united nations,66
InterestTag.animals,66
InterestTag.beautiful,66
InterestTag.bookworm,65
InterestTag.painting,65
InterestTag.media,65
InterestTag.la lakers,65
InterestTag.lazio,65
InterestTag.artist,65
InterestTag.everton,65
InterestTag.hollywood movies,65
InterestTag.realmadrid,65
InterestTag.mountains,64
InterestTag.#pixstorypolitics,64
InterestTag.world cup,64
InterestTag.germany,64
InterestTag.action,64
InterestTag.liverpool fc,64
InterestTag.school,64
InterestTag.audience,63
InterestTag.fifa world cup,63
InterestTag.happiness,63
InterestTag.family,63
InterestTag.omicron,63
InterestTag.celebrity,63
InterestTag.real madrid fc,63
InterestTag.animelove,63
InterestTag.marvel superheroes,63
InterestTag.wwe,62
InterestTag.poem,62
InterestTag.music producer,62
InterestTag.torino,62
InterestTag.freedom,62
InterestTag.chelseafc,62
InterestTag.cars,61
InterestTag.oscars,61
InterestTag.college,61
InterestTag.independence day,61
InterestTag.moda,61
InterestTag.ronaldo,61
InterestTag.transgender healthcare,61
InterestTag.self love,60
InterestTag.cooking,60
InterestTag.mumbai,60
InterestTag.art show,60
InterestTag.marvel studios,60
InterestTag.music on pixstory,60
InterestTag.gender,60
InterestTag.novel,59
InterestTag.alia bhatt,59
InterestTag.barcelona fc,59
InterestTag.traveling,58
InterestTag.philosophy,58
InterestTag.punjab,58
InterestTag.london,58
InterestTag.transfer,58
InterestTag.paris,58
InterestTag.abortion rights,58
InterestTag.imagism,58
InterestTag.writing,57
InterestTag.entertainment blog,57
InterestTag.foodies,57
InterestTag.instagram,57
InterestTag.japan,57
InterestTag.paris saint-germain,57
InterestTag.pechino 2022,57
InterestTag.canada,57
InterestTag.musica,57
InterestTag.dcac,57
InterestTag.skincare,56
InterestTag.twitter,56
InterestTag.religion,56
InterestTag.america,56
InterestTag.amarnath yatra,56
InterestTag.hollywood dreams,56
InterestTag.#healthylife,56
InterestTag.sports news,55
InterestTag.uttar pradesh,55
InterestTag.quotes,55
InterestTag.new york city,55
InterestTag.movieoftheday,55
InterestTag.atletico madrid,55
InterestTag.ligue 1,55
InterestTag.manchester united fc,55
InterestTag.arte,55
InterestTag.afc,55
InterestTag.lgbt community,55
InterestTag.mental peace,55
InterestTag.ukrainian,55
InterestTag.arsenal football club,54
InterestTag.weather,54
InterestTag.bestmediainfo,54
InterestTag.lgbtq community,54
InterestTag.trans athletes,54
InterestTag.inspiration,53
InterestTag.chandigarh,53
InterestTag.afghan women,53
InterestTag.taliban attacks,53
InterestTag.brazil,53
InterestTag.latest news,53
InterestTag.gun control,53
InterestTag.olimpiadi invernali,53
InterestTag.movies that move you,53
InterestTag.#life,53
InterestTag.football tactics,53
InterestTag.trees,52
InterestTag.netflix and chill,52
InterestTag.rain,52
InterestTag.earth,52
InterestTag.erik ten hag,52
InterestTag.ukraina,52
InterestTag.lgbtqi,52
InterestTag.clouds,51
InterestTag.#foodgram,51
InterestTag.us,51
InterestTag.pm modi,51
InterestTag.russia military exercises,51
InterestTag.elections,50
InterestTag.equality,50
InterestTag.dance,50
InterestTag.nadal,50
InterestTag.uk,50
InterestTag.kamala harris,50
InterestTag.christianity,50
InterestTag.#movie,50
InterestTag.qatar,50
InterestTag.argentina,50
